customer_id,customer_name,gender,age,country,city,state,postal_code,region
CG-12520,John Doe,Mr.,67,United States,Henderson,Kentucky,42420,South
DV-13045,Jane Smith,Mr.,31,United States,Los Angeles,California,90036,West
SO-20335,Michael Johnson,Mr.,65,United States,Fort Lauderdale,Florida,33311,South
BH-11710,Emily Brown,Mr.,20,United States,Los Angeles,California,90032,West
AA-10480,William Wilson,Mr.,50,United States,Concord,North Carolina,28027,South
IM-15070,Susan Taylor,Mr.,66,United States,Seattle,Washington,98103,West
HP-14815,David Martinez,Mr.,20,United States,Fort Worth,Texas,76106,Central
PK-19075,Sarah Anderson,Mr.,46,United States,Madison,Wisconsin,53711,Central
AG-10270,James Thomas,Mrs.,18,United States,West Jordan,Utah,84084,West
ZD-21925,Linda Hernandez,Mr.,66,United States,San Francisco,California,94109,West
KB-16585,Robert Gonzalez,Mrs.,67,United States,Fremont,Nebraska,68025,Central
SF-20065,Karen Lopez,Mrs.,41,United States,Philadelphia,Pennsylvania,19140,East
EB-13870,Charles Perez,Mrs.,34,United States,Orem,Utah,84057,West
EH-13945,Amanda Lee,Mr.,21,United States,Los Angeles,California,90049,West
TB-21520,Daniel Scott,Mrs.,48,United States,Philadelphia,Pennsylvania,19140,East
MA-17560,Nancy King,Mrs.,19,United States,Houston,Texas,77095,Central
GH-14485,Paul Young,Mrs.,28,United States,Richardson,Texas,75080,Central
SN-20710,Deborah Allen,Mrs.,46,United States,Houston,Texas,77041,Central
LC-16930,Steven Wright,Mrs.,31,United States,Naperville,Illinois,60540,Central
RA-19885,Lisa Hall,Mr.,51,United States,Los Angeles,California,90049,West
ES-14080,Kenneth Hill,Mr.,20,United States,Melbourne,Florida,32935,South
ON-18715,Ashley Adams,Mr.,27,United States,Eagan,Minnesota,55122,Central
PO-18865,George Baker,Mr.,64,United States,Westland,Michigan,48185,Central
LH-16900,Jennifer Nelson,Mr.,66,United States,Dover,Delaware,19901,East
DP-13000,Edward Green,Mrs.,40,United States,New Albany,Indiana,47150,Central
JM-15265,Mary Turner,Mr.,23,United States,New York City,New York,10024,East
TB-21055,Richard Harris,Mrs.,34,United States,Troy,New York,12180,East
KM-16720,Margaret Clark,Mrs.,69,United States,Los Angeles,California,90004,West
PS-18970,Joseph Martin,Mr.,31,United States,Chicago,Illinois,60610,Central
BS-11590,Dorothy Lewis,Mrs.,45,United States,Gilbert,Arizona,85234,West
KD-16270,Thomas Walker,Mrs.,59,United States,Springfield,Virginia,22153,South
HM-14980,Patricia Allen,Mr.,35,United States,New York City,New York,10009,East
JE-15745,Christopher Young,Mr.,25,United States,Memphis,Tennessee,38109,South
KB-16600,Ruth Hernandez,Mrs.,29,United States,Houston,Texas,77041,Central
SC-20770,Mark Perez,Mr.,18,United States,Decatur,Alabama,35601,South
DN-13690,Donna Wright,Mr.,42,United States,San Francisco,California,94122,West
JC-16105,Matthew Scott,Mr.,56,United States,Durham,North Carolina,27707,South
CS-12400,Carol Hall,Mrs.,33,United States,Chicago,Illinois,60623,Central
PG-18895,Rebecca Davis,Mr.,64,United States,Rochester,Minnesota,55901,Central
GM-14455,Joshua Martinez,Mrs.,64,United States,Houston,Texas,77095,Central
JS-15685,Betty Jackson,Mr.,33,United States,Los Angeles,California,90036,West
KB-16315,Timothy Taylor,Mrs.,70,United States,Minneapolis,Minnesota,55407,Central
RB-19705,Laura White,Mr.,63,United States,Portland,Oregon,97206,West
PN-18775,Ryan Thomas,Mr.,35,United States,New York City,New York,10009,East
KD-16345,Kimberly Harris,Mrs.,33,United States,San Francisco,California,94122,West
ER-13855,Andrew Garcia,Mr.,56,United States,Saint Paul,Minnesota,55106,Central
RB-19465,Cynthia Martinez,Mr.,18,United States,Chicago,Illinois,60610,Central
GZ-14470,Jason Rodriguez,Mr.,64,United States,Rochester,Minnesota,55901,Central
LC-16870,Melissa Martinez,Mrs.,63,United States,Aurora,Colorado,80013,West
JM-15250,Kyle Lee,Mrs.,62,United States,Charlotte,North Carolina,28205,South
PA-19060,Angela Lewis,Mrs.,31,United States,Orland Park,Illinois,60462,Central
CV-12805,Brian Lopez,Mrs.,55,United States,New York City,New York,10035,East
CL-12565,Emily Scott,Mr.,36,United States,Urbandale,Iowa,50322,Central
RC-19960,Justin Hernandez,Mrs.,34,United States,Columbus,Ohio,43229,East
DK-13090,Sharon Clark,Mr.,24,United States,Seattle,Washington,98103,West
GG-14650,Nicholas Walker,Mrs.,51,United States,Bristol,Tennessee,37620,South
SC-20725,Christine Young,Mrs.,28,United States,Wilmington,Delaware,19805,East
AD-10180,Scott King,Mrs.,52,United States,Houston,Texas,77041,Central
PF-19165,Samantha Wright,Mr.,30,United States,Bloomington,Illinois,61701,Central
TS-21610,Paula Perez,Mr.,33,United States,Phoenix,Arizona,85023,West
LS-16975,Terry Taylor,Mrs.,66,United States,Los Angeles,California,90004,West
DW-13585,Stephanie Hall,Mr.,62,United States,Columbus,Ohio,43229,East
LC-16885,Larry Thomas,Mrs.,31,United States,Roseville,California,95661,West
JD-15895,Heather White,Mr.,57,United States,Philadelphia,Pennsylvania,19140,East
SH-19975,Brenda Garcia,Mr.,60,United States,San Francisco,California,94122,West
SG-20080,Keith Martinez,Mrs.,52,United States,Independence,Missouri,64055,Central
HA-14920,Amanda Martinez,Mr.,48,United States,Pasadena,California,91104,West
MG-17680,Jose Lewis,Mr.,26,United States,Newark,Ohio,43055,East
JE-16165,Victoria Taylor,Mr.,49,United States,Franklin,Wisconsin,53132,Central
TW-21025,Jerry Jackson,Mrs.,61,United States,Scottsdale,Arizona,85254,West
SP-20650,Tina Martinez,Mr.,18,United States,San Jose,California,95123,West
NK-18490,Anna White,Mr.,61,United States,Seattle,Washington,98105,West
DB-13060,Jeffrey Clark,Mr.,50,United States,Seattle,Washington,98115,West
NP-18670,Carolyn Perez,Mrs.,64,United States,Edmond,Oklahoma,73034,Central
TT-21070,Billy Lopez,Mrs.,67,United States,Los Angeles,California,90045,West
EM-13960,Kathleen Young,Mr.,46,United States,Philadelphia,Pennsylvania,19134,East
RD-19900,Sean Hernandez,Mrs.,26,United States,Carlsbad,New Mexico,88220,West
MJ-17740,Martha Allen,Mrs.,40,United States,Seattle,Washington,98115,West
BM-11140,Dennis Harris,Mr.,67,United States,San Antonio,Texas,78207,Central
CS-12130,Francesco Scott,Mr.,51,United States,Los Angeles,California,90004,West
JB-15400,Samuel King,Mrs.,39,United States,Chicago,Illinois,60623,Central
SJ-20500,Janice Wright,Mrs.,69,United States,Houston,Texas,77036,Central
JK-15640,Ernesto Hernandez,Mr.,31,United States,New York City,New York,10009,East
DK-13150,Suzanne Scott,Mr.,20,United States,Decatur,Illinois,62521,Central
RM-19675,Louis Lee,Mrs.,57,United States,Monroe,Louisiana,71203,South
SK-19990,Olivia Davis,Mr.,44,United States,Fairfield,Connecticut,6824,East
FM-14290,Brittany Clark,Mr.,45,United States,Los Angeles,California,90032,West
AM-10360,Phillip Harris,Mr.,45,United States,Grand Prairie,Texas,75051,Central
MP-17470,Gabrielle Garcia,Mr.,61,United States,New York City,New York,10035,East
MZ-17515,Alberto Lewis,Mr.,52,United States,Redlands,California,92374,West
CB-12025,Tracy Martinez,Mrs.,43,United States,Hamilton,Ohio,45011,East
VM-21685,Stacy Lee,Mr.,69,United States,Westfield,New Jersey,7090,East
FH-14365,Luke Harris,Mrs.,49,United States,Philadelphia,Pennsylvania,19120,East
MB-17305,Diana Hernandez,Mrs.,43,United States,Akron,Ohio,44312,East
BS-11755,Gregory Clark,Mr.,59,United States,Denver,Colorado,80219,West
LC-17140,Catherine Wright,Mr.,22,United States,Dallas,Texas,75220,Central
HK-14890,Christian Taylor,Mr.,27,United States,Franklin,Tennessee,37064,South
LE-16810,Monica Hall,Mr.,62,United States,Whittier,California,90604,West
JH-15985,Carlos Perez,Mr.,51,United States,Saginaw,Michigan,48601,Central
MS-17980,Michele Young,Mr.,67,United States,Dallas,Texas,75220,Central
VW-21775,Roger Jackson,Mrs.,62,United States,Medina,Ohio,44256,East
JH-15910,Roberta White,Mr.,40,United States,Los Angeles,California,90032,West
JB-15925,Gerald Thomas,Mrs.,25,United States,Dublin,Ohio,43017,East
DS-13180,Diane White,Mr.,41,United States,Detroit,Michigan,48227,Central
VD-21670,Martin Harris,Mrs.,69,United States,Columbia,Tennessee,38401,South
EA-14035,Janet Young,Mrs.,61,United States,Charlotte,North Carolina,28205,South
DB-13120,Jonathan Hernandez,Mr.,60,United States,Santa Clara,California,95051,West
KL-16645,Paula Lopez,Mr.,43,United States,Chicago,Illinois,60610,Central
DW-13480,Julie Taylor,Mr.,25,United States,Lakeville,Minnesota,55044,Central
LH-17155,Todd Martinez,Mrs.,43,United States,San Francisco,California,94109,West
KC-16540,Anne Perez,Mrs.,39,United States,San Diego,California,92037,West
DL-13315,Adam Jackson,Mr.,48,United States,New York City,New York,10024,East
DR-12880,Kristen Clark,Mr.,68,United States,Chicago,Illinois,60623,Central
CC-12670,Carl Perez,Mr.,22,United States,New York City,New York,10009,East
Dl-13600,Valerie Lopez,Mr.,68,United States,Pasadena,Texas,77506,Central
SB-20290,Terry Young,Mr.,41,United States,Houston,Texas,77036,Central
RC-19825,Shawn Hernandez,Mrs.,54,United States,Chicago,Illinois,60610,Central
AH-10210,Debbie Allen,Mr.,58,United States,Brentwood,California,94513,West
CB-12535,Marcus Harris,Mr.,63,United States,Chapel Hill,North Carolina,27514,South
CA-12310,Joan Scott,Mrs.,68,United States,Cincinnati,Ohio,45231,East
KH-16690,John Doe,Mr.,36,United States,San Francisco,California,94110,West
BB-10990,Jane Smith,Mrs.,41,United States,Inglewood,California,90301,West
AG-10495,Michael Johnson,Mr.,24,United States,Philadelphia,Pennsylvania,19140,East
JO-15280,Emily Brown,Mrs.,39,United States,Los Angeles,California,90004,West
AH-10195,William Wilson,Mrs.,67,United States,Tamarac,Florida,33319,South
NZ-18565,Susan Taylor,Mrs.,23,United States,Columbus,Ohio,43229,East
KL-16555,David Martinez,Mrs.,60,United States,Colorado Springs,Colorado,80906,West
AS-10225,Sarah Anderson,Mr.,31,United States,New York City,New York,10024,East
CR-12625,James Thomas,Mrs.,46,United States,Lakewood,New Jersey,8701,East
SH-20395,Linda Hernandez,Mr.,66,United States,Arlington,Virginia,22204,South
BP-11185,Robert Gonzalez,Mr.,48,United States,Arvada,Colorado,80004,West
TS-21205,Karen Lopez,Mrs.,21,United States,Hackensack,New Jersey,7601,East
AG-10525,Charles Perez,Mr.,69,United States,Saint Petersburg,Florida,33710,South
SP-20860,Amanda Lee,Mrs.,38,United States,Philadelphia,Pennsylvania,19143,East
NM-18445,Daniel Scott,Mr.,21,United States,New York City,New York,10024,East
FA-14230,Nancy King,Mr.,34,United States,Long Beach,California,90805,West
GK-14620,Paul Young,Mr.,32,United States,Hesperia,California,92345,West
DJ-13510,Deborah Allen,Mr.,67,United States,Murfreesboro,Tennessee,37130,South
PO-18850,Steven Wright,Mrs.,59,United States,Philadelphia,Pennsylvania,19143,East
JL-15850,Lisa Hall,Mr.,70,United States,Philadelphia,Pennsylvania,19134,East
DB-13615,Kenneth Hill,Mr.,19,United States,Los Angeles,California,90045,West
AC-10420,Ashley Adams,Mrs.,69,United States,San Francisco,California,94122,West
CC-12550,George Baker,Mrs.,42,United States,San Francisco,California,94122,West
TD-20995,Jennifer Nelson,Mrs.,19,United States,Lowell,Massachusetts,1852,East
AB-10060,Edward Green,Mr.,25,United States,New York City,New York,10009,East
JL-15505,Mary Turner,Mrs.,48,United States,New York City,New York,10035,East
VB-21745,Richard Harris,Mr.,27,United States,Columbus,Georgia,31907,South
KW-16435,Margaret Clark,Mr.,48,United States,New York City,New York,10009,East
JD-16060,Joseph Martin,Mr.,70,United States,San Francisco,California,94109,West
MK-17905,Dorothy Lewis,Mr.,20,United States,Manchester,Connecticut,6040,East
GT-14755,Thomas Walker,Mrs.,53,United States,Harlingen,Texas,78550,Central
AG-10900,Patricia Allen,Mr.,56,United States,Tucson,Arizona,85705,West
MM-18280,Christopher Young,Mrs.,59,United States,Quincy,Illinois,62301,Central
AR-10405,Ruth Hernandez,Mr.,66,United States,Franklin,Massachusetts,2038,East
RA-19915,Mark Perez,Mrs.,47,United States,Houston,Texas,77095,Central
AS-10285,Donna Wright,Mr.,53,United States,San Francisco,California,94109,West
LA-16780,Matthew Scott,Mrs.,59,United States,Taylor,Michigan,48180,Central
DO-13435,Carol Hall,Mr.,25,United States,Pembroke Pines,Florida,33024,South
DK-13225,Rebecca Davis,Mrs.,36,United States,Philadelphia,Pennsylvania,19140,East
NG-18430,Joshua Martinez,Mr.,50,United States,Cincinnati,Ohio,45231,East
MV-18190,Betty Jackson,Mr.,66,United States,New York City,New York,10009,East
JG-15115,Timothy Taylor,Mr.,63,United States,Des Moines,Washington,98198,West
BP-11095,Laura White,Mrs.,30,United States,Peoria,Illinois,61604,Central
VP-21730,Ryan Thomas,Mr.,35,United States,Las Vegas,Nevada,89115,West
SS-20140,Kimberly Harris,Mr.,33,United States,Warwick,Rhode Island,2886,East
AG-10675,Andrew Garcia,Mrs.,69,United States,Houston,Texas,77036,Central
LF-17185,Cynthia Martinez,Mrs.,36,United States,Miami,Florida,33180,South
RF-19840,Jason Rodriguez,Mrs.,57,United States,New York City,New York,10024,East
KH-16510,Melissa Martinez,Mr.,27,United States,San Francisco,California,94110,West
KC-16675,Kyle Lee,Mrs.,31,United States,Seattle,Washington,98105,West
CJ-12010,Angela Lewis,Mrs.,64,United States,Huntington Beach,California,92646,West
PB-19150,Brian Lopez,Mrs.,30,United States,Los Angeles,California,90004,West
MP-17965,Emily Scott,Mr.,18,United States,Lawrence,Massachusetts,1841,East
NF-18385,Justin Hernandez,Mr.,23,United States,Jackson,Mississippi,39212,South
SD-20485,Sharon Clark,Mrs.,70,United States,New Rochelle,New York,10801,East
KH-16630,Nicholas Walker,Mrs.,34,United States,San Antonio,Texas,78207,Central
RB-19795,Christine Young,Mrs.,60,United States,Gastonia,North Carolina,28052,South
MK-18160,Scott King,Mrs.,22,United States,Jacksonville,Florida,32216,South
PO-19180,Samantha Wright,Mrs.,46,United States,Chicago,Illinois,60623,Central
BB-11545,Paula Perez,Mrs.,60,United States,Houston,Texas,77070,Central
TB-21595,Terry Taylor,Mrs.,50,United States,Columbus,Indiana,47201,Central
RB-19360,Stephanie Hall,Mr.,70,United States,Auburn,New York,13021,East
EB-13705,Larry Thomas,Mrs.,41,United States,Akron,Ohio,44312,East
SC-20095,Heather White,Mr.,27,United States,Concord,California,94521,West
TN-21040,Brenda Garcia,Mr.,37,United States,Phoenix,Arizona,85023,West
JS-15940,Keith Martinez,Mr.,26,United States,Park Ridge,Illinois,60068,Central
MH-17785,Amanda Martinez,Mrs.,51,United States,Lindenhurst,New York,11757,East
JP-15520,Jose Lewis,Mrs.,54,United States,San Francisco,California,94110,West
JE-15475,Victoria Taylor,Mr.,30,United States,Troy,New York,12180,East
JG-15805,Jerry Jackson,Mr.,26,United States,New York City,New York,10024,East
XP-21865,Tina Martinez,Mrs.,32,United States,San Diego,California,92024,West
EM-14065,Anna White,Mr.,48,United States,New York City,New York,10024,East
MT-18070,Jeffrey Clark,Mrs.,69,United States,Los Angeles,California,90045,West
SA-20830,Carolyn Perez,Mrs.,34,United States,Chicago,Illinois,60610,Central
CW-11905,Billy Lopez,Mrs.,31,United States,Huntsville,Texas,77340,Central
AJ-10960,Kathleen Young,Mr.,30,United States,Rochester,New York,14609,East
SS-20590,Sean Hernandez,Mrs.,51,United States,Seattle,Washington,98115,West
RO-19780,Martha Allen,Mr.,25,United States,Memphis,Tennessee,38109,South
MD-17350,Dennis Harris,Mrs.,31,United States,Fayetteville,Arkansas,72701,South
MY-17380,Francesco Scott,Mrs.,70,United States,Parker,Colorado,80134,West
CM-12385,Samuel King,Mr.,19,United States,Atlanta,Georgia,30318,South
LS-17245,Janice Wright,Mr.,59,United States,Gladstone,Missouri,64118,Central
BN-11515,Ernesto Hernandez,Mrs.,63,United States,Los Angeles,California,90049,West
DB-13210,Suzanne Scott,Mrs.,41,United States,Houston,Texas,77041,Central
MC-17605,Louis Lee,Mr.,49,United States,Detroit,Michigan,48234,Central
BD-11605,Olivia Davis,Mr.,40,United States,Lawrence,Massachusetts,1841,East
PH-18790,Brittany Clark,Mrs.,55,United States,Lakeland,Florida,33801,South
MG-18145,Phillip Harris,Mrs.,51,United States,Philadelphia,Pennsylvania,19134,East
KB-16240,Gabrielle Garcia,Mr.,42,United States,Los Angeles,California,90036,West
JC-15340,Alberto Lewis,Mr.,39,United States,Los Angeles,California,90032,West
RL-19615,Tracy Martinez,Mr.,53,United States,Montgomery,Alabama,36116,South
AA-10375,Stacy Lee,Mrs.,22,United States,Mesa,Arizona,85204,West
EP-13915,Luke Harris,Mrs.,38,United States,Chicago,Illinois,60653,Central
DK-12985,Diana Hernandez,Mr.,58,United States,Henderson,Kentucky,42420,South
BD-11500,Gregory Clark,Mrs.,47,United States,Green Bay,Wisconsin,54302,Central
LM-17065,Catherine Wright,Mrs.,32,United States,Springfield,Ohio,45503,East
AS-10135,Christian Taylor,Mr.,65,United States,New York City,New York,10035,East
BD-11320,Monica Hall,Mrs.,68,United States,San Francisco,California,94110,West
GT-14710,Carlos Perez,Mrs.,67,United States,Houston,Texas,77070,Central
AJ-10945,Michele Young,Mr.,62,United States,Wilmington,North Carolina,28403,South
OT-18730,Roger Jackson,Mr.,39,United States,Los Angeles,California,90045,West
LP-17080,Roberta White,Mrs.,22,United States,San Francisco,California,94110,West
CA-12775,Gerald Thomas,Mr.,57,United States,Tampa,Florida,33614,South
JF-15490,Diane White,Mr.,38,United States,Seattle,Washington,98105,West
FP-14320,Martin Harris,Mrs.,20,United States,Los Angeles,California,90008,West
EB-13840,Janet Young,Mrs.,25,United States,Seattle,Washington,98105,West
JF-15415,Jonathan Hernandez,Mrs.,40,United States,New York City,New York,10024,East
SF-20200,Paula Lopez,Mr.,38,United States,Marysville,Washington,98270,West
TG-21640,Julie Taylor,Mr.,41,United States,Long Beach,California,90805,West
CS-11950,Todd Martinez,Mr.,18,United States,Chicago,Illinois,60610,Central
CC-12145,Anne Perez,Mr.,21,United States,Los Angeles,California,90004,West
DV-13465,Adam Jackson,Mrs.,60,United States,Denver,Colorado,80219,West
BD-11725,Kristen Clark,Mr.,36,United States,Richmond,Kentucky,40475,South
ZC-21910,Carl Perez,Mr.,61,United States,Salem,Oregon,97301,West
MS-17830,Valerie Lopez,Mrs.,61,United States,Laredo,Texas,78041,Central
LR-16915,Terry Young,Mrs.,35,United States,San Diego,California,92024,West
TP-21130,Shawn Hernandez,Mrs.,64,United States,Philadelphia,Pennsylvania,19134,East
CK-12205,Debbie Allen,Mr.,61,United States,Philadelphia,Pennsylvania,19120,East
AS-10240,Marcus Harris,Mr.,68,United States,Tampa,Florida,33614,South
AR-10510,Joan Scott,Mrs.,58,United States,Philadelphia,Pennsylvania,19134,East
NB-18655,John Doe,Mr.,42,United States,Dallas,Texas,75217,Central
GD-14590,Jane Smith,Mrs.,62,United States,Philadelphia,Pennsylvania,19143,East
CK-12595,Michael Johnson,Mrs.,60,United States,Grove City,Ohio,43123,East
NG-18355,Emily Brown,Mrs.,57,United States,New York City,New York,10011,East
CA-12265,William Wilson,Mrs.,49,United States,Chicago,Illinois,60610,Central
SF-20965,Susan Taylor,Mr.,64,United States,Dearborn,Michigan,48126,Central
MO-17800,David Martinez,Mr.,22,United States,New York City,New York,10009,East
AT-10735,Sarah Anderson,Mrs.,30,United States,Seattle,Washington,98115,West
FM-14380,James Thomas,Mrs.,30,United States,Aurora,Colorado,80013,West
DJ-13420,Linda Hernandez,Mrs.,21,United States,Warner Robins,Georgia,31088,South
ME-17725,Robert Gonzalez,Mrs.,50,United States,Aurora,Colorado,80013,West
JD-16150,Karen Lopez,Mr.,37,United States,Minneapolis,Minnesota,55407,Central
JL-15835,Charles Perez,Mr.,57,United States,Mission Viejo,California,92691,West
SC-20305,Amanda Lee,Mrs.,30,United States,Rochester Hills,Michigan,48307,Central
CC-12430,Daniel Scott,Mrs.,66,United States,Columbus,Indiana,47201,Central
AR-10825,Nancy King,Mrs.,39,United States,Vancouver,Washington,98661,West
SR-20740,Paul Young,Mrs.,19,United States,New York City,New York,10024,East
CR-12730,Deborah Allen,Mr.,25,United States,Columbus,Ohio,43229,East
EH-14125,Steven Wright,Mr.,41,United States,Aurora,Illinois,60505,Central
SP-20545,Lisa Hall,Mrs.,68,United States,New York City,New York,10011,East
TH-21235,Kenneth Hill,Mrs.,28,United States,Dallas,Texas,75081,Central
RP-19390,Ashley Adams,Mrs.,44,United States,Cleveland,Ohio,44105,East
RB-19570,George Baker,Mr.,57,United States,Columbus,Indiana,47201,Central
CD-11980,Jennifer Nelson,Mr.,61,United States,Tyler,Texas,75701,Central
DJ-13630,Edward Green,Mr.,41,United States,New York City,New York,10024,East
GT-14635,Mary Turner,Mrs.,19,United States,Burlington,North Carolina,27217,South
MC-17845,Richard Harris,Mr.,50,United States,Jackson,Mississippi,39212,South
RA-19285,Margaret Clark,Mrs.,45,United States,New York City,New York,10035,East
NP-18325,Joseph Martin,Mrs.,70,United States,Waynesboro,Virginia,22980,South
AB-10165,Dorothy Lewis,Mr.,22,United States,Los Angeles,California,90036,West
JO-15550,Thomas Walker,Mr.,58,United States,Chester,Pennsylvania,19013,East
JK-15370,Patricia Allen,Mrs.,27,United States,Long Beach,California,90805,West
BN-11470,Christopher Young,Mr.,20,United States,Cary,North Carolina,27511,South
DP-13165,Ruth Hernandez,Mr.,50,United States,New York City,New York,10035,East
TH-21550,Mark Perez,Mr.,48,United States,New York City,New York,10035,East
AP-10915,Donna Wright,Mr.,61,United States,Palm Coast,Florida,32137,South
RS-19765,Matthew Scott,Mrs.,45,United States,Mount Vernon,New York,10550,East
SV-20365,Carol Hall,Mrs.,22,United States,Dover,Delaware,19901,East
CK-12325,Rebecca Davis,Mrs.,53,United States,Orem,Utah,84057,West
RD-19810,Joshua Martinez,Mrs.,35,United States,Los Angeles,California,90045,West
MR-17545,Betty Jackson,Mrs.,37,United States,Philadelphia,Pennsylvania,19140,East
SC-20695,Timothy Taylor,Mrs.,46,United States,Hialeah,Florida,33012,South
JF-15355,Laura White,Mrs.,70,United States,Austin,Texas,78745,Central
EG-13900,Ryan Thomas,Mr.,60,United States,Oceanside,New York,11572,East
DS-13030,Kimberly Harris,Mr.,62,United States,Seattle,Washington,98115,West
PO-19195,Andrew Garcia,Mr.,45,United States,Naperville,Illinois,60540,Central
SS-20875,Cynthia Martinez,Mr.,18,United States,Dallas,Texas,75220,Central
PB-19105,Jason Rodriguez,Mr.,32,United States,Evanston,Illinois,60201,Central
RF-19735,Melissa Martinez,Mrs.,38,United States,Trenton,Michigan,48183,Central
YC-21895,Kyle Lee,Mrs.,42,United States,San Francisco,California,94110,West
DC-13285,Angela Lewis,Mrs.,48,United States,Cottage Grove,Minnesota,55016,Central
CP-12340,Brian Lopez,Mrs.,38,United States,New York City,New York,10009,East
BF-11020,Emily Scott,Mrs.,67,United States,Green Bay,Wisconsin,54302,Central
LH-17020,Justin Hernandez,Mrs.,60,United States,Columbus,Ohio,43229,East
CS-12250,Sharon Clark,Mr.,59,United States,Bossier City,Louisiana,71111,South
AJ-10795,Nicholas Walker,Mrs.,27,United States,Saint Petersburg,Florida,33710,South
BV-11245,Christine Young,Mr.,46,United States,Des Moines,Iowa,50315,Central
DL-12865,Scott King,Mrs.,26,United States,Cincinnati,Ohio,45231,East
BM-11785,Samantha Wright,Mrs.,31,United States,Columbus,Ohio,43229,East
LT-17110,Paula Perez,Mr.,51,United States,Lancaster,California,93534,West
JK-15730,Terry Taylor,Mr.,69,United States,Asheville,North Carolina,28806,South
ES-14020,Stephanie Hall,Mr.,47,United States,San Francisco,California,94110,West
RH-19495,Larry Thomas,Mrs.,19,United States,Rochester,Minnesota,55901,Central
CD-11920,Heather White,Mr.,51,United States,Lake Elsinore,California,92530,West
HW-14935,Brenda Garcia,Mrs.,55,United States,San Diego,California,92105,West
MC-18130,Keith Martinez,Mrs.,59,United States,Monroe,Louisiana,71203,South
GM-14440,Amanda Martinez,Mr.,19,United States,San Francisco,California,94122,West
PJ-19015,Jose Lewis,Mr.,48,United States,Santa Ana,California,92704,West
BW-11110,Victoria Taylor,Mr.,50,United States,Milwaukee,Wisconsin,53209,Central
TR-21325,Jerry Jackson,Mr.,45,United States,Belleville,New Jersey,7109,East
PG-18820,Tina Martinez,Mrs.,38,United States,San Francisco,California,94110,West
JL-15175,Anna White,Mrs.,25,United States,Columbia,Tennessee,38401,South
BM-11650,Jeffrey Clark,Mr.,48,United States,New York City,New York,10035,East
EM-14095,Carolyn Perez,Mrs.,56,United States,Los Angeles,California,90036,West
AF-10885,Billy Lopez,Mrs.,40,United States,Louisville,Kentucky,40214,South
GA-14725,Kathleen Young,Mr.,32,United States,Lorain,Ohio,44052,East
CK-12760,Sean Hernandez,Mrs.,18,United States,Linden,New Jersey,7036,East
DP-13105,Martha Allen,Mrs.,66,United States,Salinas,California,93905,West
BK-11260,Dennis Harris,Mr.,37,United States,New York City,New York,10035,East
SJ-20125,Francesco Scott,Mrs.,38,United States,New Brunswick,New Jersey,8901,East
CM-12445,Samuel King,Mrs.,27,United States,San Francisco,California,94122,West
AJ-10780,Janice Wright,Mr.,47,United States,Springfield,Virginia,22153,South
LS-16945,Ernesto Hernandez,Mr.,21,United States,Philadelphia,Pennsylvania,19140,East
GP-14740,Suzanne Scott,Mrs.,28,United States,Lancaster,Pennsylvania,17602,East
PK-18910,Louis Lee,Mrs.,42,United States,Philadelphia,Pennsylvania,19143,East
SM-20005,Olivia Davis,Mr.,51,United States,New York City,New York,10009,East
AG-10765,Brittany Clark,Mrs.,40,United States,Philadelphia,Pennsylvania,19120,East
PM-19135,Phillip Harris,Mr.,65,United States,Detroit,Michigan,48227,Central
LL-16840,Gabrielle Garcia,Mrs.,29,United States,Rochester,New York,14609,East
JS-15595,Alberto Lewis,Mr.,65,United States,Los Angeles,California,90045,West
EL-13735,Tracy Martinez,Mrs.,42,United States,Columbia,Maryland,21044,East
PC-18745,Stacy Lee,Mrs.,25,United States,San Francisco,California,94122,West
HL-15040,Luke Harris,Mrs.,65,United States,Houston,Texas,77095,Central
MS-17365,Diana Hernandez,Mrs.,55,United States,Detroit,Michigan,48227,Central
GB-14530,Gregory Clark,Mr.,41,United States,Auburn,New York,13021,East
JR-16210,Catherine Wright,Mrs.,68,United States,Springfield,Ohio,45503,East
BE-11335,Christian Taylor,Mrs.,20,United States,Jackson,Michigan,49201,Central
SC-20050,Monica Hall,Mr.,38,United States,Norwich,Connecticut,6360,East
RW-19630,Carlos Perez,Mrs.,23,United States,Dallas,Texas,75220,Central
SE-20110,Michele Young,Mrs.,28,United States,New York City,New York,10009,East
AH-10075,Roger Jackson,Mrs.,21,United States,New York City,New York,10011,East
JM-15535,Roberta White,Mr.,36,United States,Philadelphia,Pennsylvania,19143,East
JJ-15760,Gerald Thomas,Mr.,59,United States,Springfield,Virginia,22153,South
RK-19300,Diane White,Mr.,29,United States,Philadelphia,Pennsylvania,19140,East
CG-12040,Martin Harris,Mrs.,27,United States,Philadelphia,Pennsylvania,19120,East
RP-19270,Janet Young,Mr.,47,United States,Riverside,California,92503,West
KC-16255,Jonathan Hernandez,Mrs.,23,United States,San Francisco,California,94110,West
KH-16360,Paula Lopez,Mrs.,69,United States,Philadelphia,Pennsylvania,19143,East
GH-14665,Julie Taylor,Mrs.,67,United States,Round Rock,Texas,78664,Central
SW-20275,Todd Martinez,Mrs.,35,United States,Jackson,Mississippi,39212,South
JA-15970,Anne Perez,Mrs.,56,United States,Phoenix,Arizona,85023,West
DL-12925,Adam Jackson,Mrs.,23,United States,Oceanside,California,92054,West
LW-16990,Kristen Clark,Mrs.,58,United States,San Francisco,California,94110,West
TB-21190,Carl Perez,Mr.,29,United States,Fayetteville,Arkansas,72701,South
BS-11800,Valerie Lopez,Mr.,53,United States,New York City,New York,10011,East
RW-19690,Terry Young,Mrs.,29,United States,Wilmington,North Carolina,28403,South
TZ-21580,Shawn Hernandez,Mrs.,65,United States,Louisville,Colorado,80027,West
AS-10630,Debbie Allen,Mr.,54,United States,Pasadena,Texas,77506,Central
TS-21340,Marcus Harris,Mrs.,67,United States,Houston,Texas,77041,Central
SL-20155,Joan Scott,Mrs.,55,United States,Jacksonville,Florida,32216,South
MW-18235,John Doe,Mrs.,30,United States,Virginia Beach,Virginia,23464,South
RD-19585,Jane Smith,Mr.,60,United States,Henderson,Kentucky,42420,South
RA-19945,Michael Johnson,Mr.,39,United States,Murrieta,California,92563,West
MT-17815,Emily Brown,Mr.,58,United States,Scottsdale,Arizona,85254,West
VG-21790,William Wilson,Mr.,44,United States,San Diego,California,92037,West
JS-15880,Susan Taylor,Mrs.,60,United States,Seattle,Washington,98103,West
KM-16225,David Martinez,Mr.,57,United States,New York City,New York,10011,East
HR-14770,Sarah Anderson,Mr.,67,United States,Los Angeles,California,90045,West
DE-13255,James Thomas,Mrs.,42,United States,Springfield,Ohio,45503,East
AG-10390,Linda Hernandez,Mrs.,47,United States,Cincinnati,Ohio,45231,East
JJ-15445,Robert Gonzalez,Mrs.,47,United States,Los Angeles,California,90004,West
JH-15430,Karen Lopez,Mr.,48,United States,Burlington,North Carolina,27217,South
RD-19660,Charles Perez,Mrs.,53,United States,Saint Peters,Missouri,63376,Central
MO-17500,Amanda Lee,Mr.,25,United States,New York City,New York,10035,East
NS-18640,Daniel Scott,Mr.,37,United States,Chicago,Illinois,60610,Central
DG-13300,Nancy King,Mr.,60,United States,Philadelphia,Pennsylvania,19134,East
NF-18595,Paul Young,Mrs.,42,United States,New York City,New York,10009,East
MG-17650,Deborah Allen,Mrs.,53,United States,Philadelphia,Pennsylvania,19143,East
TS-21160,Steven Wright,Mr.,27,United States,Toledo,Ohio,43615,East
BD-11620,Lisa Hall,Mrs.,46,United States,San Francisco,California,94122,West
CM-12160,Kenneth Hill,Mr.,58,United States,Brownsville,Texas,78521,Central
SN-20560,Ashley Adams,Mrs.,65,United States,Los Angeles,California,90008,West
EH-14005,George Baker,Mrs.,38,United States,Denver,Colorado,80219,West
FO-14305,Jennifer Nelson,Mr.,22,United States,New York City,New York,10035,East
MS-17710,Edward Green,Mr.,46,United States,Mesa,Arizona,85204,West
CC-12100,Mary Turner,Mr.,30,United States,Columbus,Indiana,47201,Central
DW-13540,Richard Harris,Mrs.,60,United States,Seattle,Washington,98105,West
BT-11395,Margaret Clark,Mr.,32,United States,Detroit,Michigan,48227,Central
CY-12745,Joseph Martin,Mrs.,36,United States,Oakland,California,94601,West
BT-11485,Dorothy Lewis,Mr.,66,United States,Clinton,Maryland,20735,East
PS-19045,Thomas Walker,Mrs.,23,United States,Charlotte,North Carolina,28205,South
PV-18985,Patricia Allen,Mr.,64,United States,San Francisco,California,94122,West
NM-18520,Christopher Young,Mrs.,45,United States,Riverside,California,92503,West
DL-13495,Ruth Hernandez,Mrs.,52,United States,San Francisco,California,94110,West
CS-12355,Mark Perez,Mrs.,63,United States,Roswell,Georgia,30076,South
FH-14275,Donna Wright,Mr.,26,United States,La Porte,Indiana,46350,Central
NC-18340,Matthew Scott,Mrs.,45,United States,Lansing,Michigan,48911,Central
AA-10315,Carol Hall,Mr.,66,United States,Minneapolis,Minnesota,55407,Central
LT-16765,Rebecca Davis,Mrs.,42,United States,Escondido,California,92025,West
AP-10720,Joshua Martinez,Mrs.,18,United States,New York City,New York,10035,East
PM-18940,Betty Jackson,Mrs.,41,United States,Jackson,Michigan,49201,Central
AT-10435,Timothy Taylor,Mr.,19,United States,Los Angeles,California,90004,West
CA-12055,Laura White,Mrs.,67,United States,Houston,Texas,77070,Central
HR-14830,Ryan Thomas,Mrs.,69,United States,Seattle,Washington,98103,West
BT-11530,Kimberly Harris,Mr.,34,United States,Los Angeles,California,90036,West
LH-16750,Andrew Garcia,Mrs.,37,United States,Charlotte,North Carolina,28205,South
SW-20755,Cynthia Martinez,Mr.,57,United States,New York City,New York,10009,East
SP-20620,Jason Rodriguez,Mr.,32,United States,Philadelphia,Pennsylvania,19134,East
BF-11170,Melissa Martinez,Mrs.,19,United States,Los Angeles,California,90036,West
KT-16480,Kyle Lee,Mr.,51,United States,Buffalo,New York,14215,East
BG-11695,Angela Lewis,Mr.,46,United States,Cincinnati,Ohio,45231,East
GM-14680,Brian Lopez,Mr.,69,United States,Seattle,Washington,98105,West
EJ-14155,Emily Scott,Mrs.,22,United States,Gulfport,Mississippi,39503,South
NP-18700,Justin Hernandez,Mr.,32,United States,Fresno,California,93727,West
MH-18115,Sharon Clark,Mr.,25,United States,Chester,Pennsylvania,19013,East
JR-15700,Nicholas Walker,Mr.,69,United States,Jacksonville,Florida,32216,South
SM-20950,Christine Young,Mr.,54,United States,Greenville,North Carolina,27834,South
CC-12220,Scott King,Mr.,18,United States,La Porte,Indiana,46350,Central
PF-19225,Samantha Wright,Mrs.,49,United States,San Francisco,California,94122,West
DC-12850,Paula Perez,Mrs.,50,United States,Florence,Alabama,35630,South
BD-11770,Terry Taylor,Mr.,50,United States,Houston,Texas,77070,Central
GM-14500,Stephanie Hall,Mr.,41,United States,Providence,Rhode Island,2908,East
TB-21355,Larry Thomas,Mrs.,53,United States,New York City,New York,10009,East
JH-16180,Heather White,Mrs.,57,United States,Pueblo,Colorado,81001,West
EB-13975,Brenda Garcia,Mr.,53,United States,Fairfield,California,94533,West
QJ-19255,Keith Martinez,Mr.,48,United States,Saint Paul,Minnesota,55106,Central
TC-21535,Amanda Martinez,Mr.,57,United States,Arlington,Virginia,22204,South
CS-12460,Jose Lewis,Mr.,44,United States,Columbus,Georgia,31907,South
HG-14965,Victoria Taylor,Mr.,32,United States,Los Angeles,California,90032,West
LW-16825,Jerry Jackson,Mr.,64,United States,Deltona,Florida,32725,South
MC-17575,Tina Martinez,Mr.,25,United States,Cincinnati,Ohio,45231,East
LP-17095,Anna White,Mr.,58,United States,Murray,Kentucky,42071,South
EB-14170,Jeffrey Clark,Mrs.,64,United States,Wilmington,North Carolina,28403,South
GZ-14545,Carolyn Perez,Mr.,56,United States,Lawrence,Massachusetts,1841,East
CP-12085,Billy Lopez,Mrs.,62,United States,Norwich,Connecticut,6360,East
FG-14260,Kathleen Young,Mr.,67,United States,San Francisco,California,94110,West
LD-17005,Sean Hernandez,Mr.,65,United States,San Francisco,California,94109,West
AB-10255,Martha Allen,Mr.,34,United States,Lorain,Ohio,44052,East
MN-17935,Dennis Harris,Mr.,41,United States,Dallas,Texas,75220,Central
JR-15670,Francesco Scott,Mr.,18,United States,Middletown,Connecticut,6457,East
JF-15190,Samuel King,Mrs.,26,United States,Los Angeles,California,90008,West
CM-12115,Janice Wright,Mrs.,50,United States,New York City,New York,10011,East
AS-10045,Ernesto Hernandez,Mrs.,42,United States,Jacksonville,North Carolina,28540,South
BP-11290,Suzanne Scott,Mr.,26,United States,Evanston,Illinois,60201,Central
ND-18370,Louis Lee,Mrs.,41,United States,Louisville,Kentucky,40214,South
LB-16735,Olivia Davis,Mr.,65,United States,Fort Worth,Texas,76106,Central
KT-16465,Brittany Clark,Mrs.,24,United States,Los Angeles,California,90049,West
HM-14860,Phillip Harris,Mrs.,64,United States,Philadelphia,Pennsylvania,19120,East
AB-10600,Gabrielle Garcia,Mr.,34,United States,Tucson,Arizona,85705,West
SZ-20035,Alberto Lewis,Mr.,39,United States,Pico Rivera,California,90660,West
MG-17890,Tracy Martinez,Mrs.,31,United States,Clinton,Maryland,20735,East
JK-16120,Stacy Lee,Mr.,67,United States,Aurora,Illinois,60505,Central
PP-18955,Luke Harris,Mrs.,44,United States,Smyrna,Georgia,30080,South
YS-21880,Diana Hernandez,Mrs.,31,United States,Burlington,North Carolina,27217,South
KM-16375,Gregory Clark,Mr.,70,United States,Salem,Virginia,24153,South
AB-10105,Catherine Wright,Mrs.,63,United States,Phoenix,Arizona,85023,West
HA-14905,Christian Taylor,Mr.,58,United States,New York City,New York,10024,East
BT-11305,Monica Hall,Mrs.,38,United States,Costa Mesa,California,92627,West
SV-20815,Carlos Perez,Mr.,42,United States,Houston,Texas,77041,Central
RW-19540,Michele Young,Mr.,52,United States,Mesa,Arizona,85204,West
DK-12835,Roger Jackson,Mr.,57,United States,Salinas,California,93905,West
ST-20530,Roberta White,Mr.,26,United States,Parma,Ohio,44134,East
MM-17920,Gerald Thomas,Mr.,41,United States,San Francisco,California,94110,West
PW-19030,Diane White,Mr.,47,United States,Richmond,Kentucky,40475,South
SC-20440,Martin Harris,Mr.,28,United States,Aurora,Colorado,80013,West
TS-21085,Janet Young,Mr.,21,United States,Phoenix,Arizona,85023,West
MC-17425,Jonathan Hernandez,Mr.,50,United States,Mobile,Alabama,36608,South
ME-17320,Paula Lopez,Mr.,48,United States,Columbus,Georgia,31907,South
NH-18610,Julie Taylor,Mrs.,44,United States,Irving,Texas,75061,Central
MB-18085,Todd Martinez,Mrs.,54,United States,Vineland,New Jersey,8360,East
KD-16495,Anne Perez,Mrs.,68,United States,New York City,New York,10009,East
KN-16390,Adam Jackson,Mr.,43,United States,Los Angeles,California,90004,West
NP-18685,Kristen Clark,Mrs.,42,United States,Niagara Falls,New York,14304,East
CS-12505,Carl Perez,Mrs.,41,United States,Thomasville,North Carolina,27360,South
MS-17770,Valerie Lopez,Mrs.,47,United States,New York City,New York,10035,East
CM-12655,Terry Young,Mr.,33,United States,Los Angeles,California,90008,West
Co-12640,Shawn Hernandez,Mrs.,55,United States,Philadelphia,Pennsylvania,19143,East
TS-21370,Debbie Allen,Mrs.,62,United States,New York City,New York,10035,East
JW-15220,Marcus Harris,Mrs.,24,United States,Vancouver,Washington,98661,West
JD-15790,Joan Scott,Mr.,26,United States,Coppell,Texas,75019,Central
PC-19000,John Doe,Mr.,49,United States,Los Angeles,California,90004,West
AR-10540,Jane Smith,Mr.,48,United States,New York City,New York,10024,East
AI-10855,Michael Johnson,Mrs.,35,United States,Philadelphia,Pennsylvania,19120,East
TB-21400,Emily Brown,Mrs.,37,United States,Seattle,Washington,98105,West
PL-18925,William Wilson,Mrs.,20,United States,Chicago,Illinois,60610,Central
GH-14425,Susan Taylor,Mrs.,63,United States,Tucson,Arizona,85705,West
MP-18175,David Martinez,Mrs.,34,United States,Laguna Niguel,California,92677,West
JM-15655,Sarah Anderson,Mr.,28,United States,Bridgeton,New Jersey,8302,East
CL-11890,James Thomas,Mrs.,63,United States,Everett,Massachusetts,2149,East
DB-13270,Linda Hernandez,Mr.,24,United States,San Diego,California,92024,West
IG-15085,Robert Gonzalez,Mrs.,63,United States,San Diego,California,92024,West
BO-11425,Karen Lopez,Mr.,63,United States,Richmond,Kentucky,40475,South
AB-10150,Charles Perez,Mr.,65,United States,Long Beach,New York,11561,East
JW-16075,Amanda Lee,Mrs.,25,United States,Philadelphia,Pennsylvania,19140,East
EB-13750,Daniel Scott,Mrs.,20,United States,Seattle,Washington,98103,West
SG-20470,Nancy King,Mrs.,44,United States,New York City,New York,10011,East
CM-12190,Paul Young,Mr.,66,United States,Philadelphia,Pennsylvania,19134,East
AW-10840,Deborah Allen,Mr.,37,United States,Allen,Texas,75002,Central
MC-18100,Steven Wright,Mrs.,65,United States,El Paso,Texas,79907,Central
TT-21460,Lisa Hall,Mrs.,22,United States,Aurora,Illinois,60505,Central
VG-21805,Kenneth Hill,Mrs.,54,United States,Virginia Beach,Virginia,23464,South
MY-18295,Ashley Adams,Mr.,25,United States,Grapevine,Texas,76051,Central
RD-19480,George Baker,Mrs.,47,United States,Olympia,Washington,98502,West
DP-13390,Jennifer Nelson,Mr.,44,United States,Peoria,Illinois,61604,Central
ML-17395,Edward Green,Mr.,44,United States,Los Angeles,California,90008,West
JC-15385,Mary Turner,Mrs.,35,United States,Kent,Washington,98031,West
JG-15160,Richard Harris,Mrs.,37,United States,Los Angeles,California,90049,West
MC-17275,Margaret Clark,Mr.,24,United States,Lafayette,Louisiana,70506,South
NW-18400,Joseph Martin,Mr.,29,United States,Tigard,Oregon,97224,West
TB-21280,Dorothy Lewis,Mr.,24,United States,Washington,District of Columbia,20016,East
BS-11380,Thomas Walker,Mrs.,53,United States,Skokie,Illinois,60076,Central
HH-15010,Patricia Allen,Mrs.,58,United States,San Francisco,California,94110,West
CD-12280,Christopher Young,Mrs.,42,United States,Seattle,Washington,98105,West
TH-21100,Ruth Hernandez,Mrs.,21,United States,Los Angeles,California,90045,West
MM-18055,Mark Perez,Mrs.,19,United States,Seattle,Washington,98115,West
NS-18505,Donna Wright,Mrs.,54,United States,Dallas,Texas,75217,Central
RB-19645,Matthew Scott,Mr.,40,United States,North Las Vegas,Nevada,89031,West
SW-20455,Carol Hall,Mrs.,21,United States,Suffolk,Virginia,23434,South
EB-13930,Rebecca Davis,Mr.,63,United States,San Francisco,California,94110,West
PS-18760,Joshua Martinez,Mrs.,36,United States,Los Angeles,California,90008,West
HF-14995,Betty Jackson,Mr.,19,United States,Indianapolis,Indiana,46203,Central
HZ-14950,Timothy Taylor,Mrs.,32,United States,Columbus,Ohio,43229,East
CD-12790,Laura White,Mr.,70,United States,San Diego,California,92037,West
JK-15205,Ryan Thomas,Mr.,48,United States,San Francisco,California,94122,West
FM-14215,Kimberly Harris,Mr.,62,United States,Dublin,Ohio,43017,East
ED-13885,Andrew Garcia,Mrs.,28,United States,San Diego,California,92037,West
DA-13450,Cynthia Martinez,Mrs.,38,United States,Houston,Texas,77095,Central
JW-15955,Jason Rodriguez,Mrs.,45,United States,Oakland,California,94601,West
RM-19375,Melissa Martinez,Mrs.,39,United States,Houston,Texas,77095,Central
ML-17755,Kyle Lee,Mrs.,22,United States,Suffolk,Virginia,23434,South
CC-12685,Angela Lewis,Mr.,59,United States,Greensboro,North Carolina,27405,South
JE-15610,Brian Lopez,Mrs.,38,United States,Milwaukee,Wisconsin,53209,Central
RP-19855,Emily Scott,Mrs.,50,United States,Kenosha,Wisconsin,53142,Central
TB-21175,Justin Hernandez,Mrs.,45,United States,Houston,Texas,77041,Central
BE-11455,Sharon Clark,Mr.,20,United States,Olathe,Kansas,66062,Central
JF-15565,Nicholas Walker,Mrs.,36,United States,Dallas,Texas,75081,Central
PB-19210,Christine Young,Mr.,32,United States,Tulsa,Oklahoma,74133,Central
BT-11680,Scott King,Mr.,70,United States,Newark,Ohio,43055,East
JL-15235,Samantha Wright,Mr.,29,United States,Chicago,Illinois,60623,Central
CH-12070,Paula Perez,Mr.,36,United States,Raleigh,North Carolina,27604,South
ND-18460,Terry Taylor,Mr.,33,United States,Macon,Georgia,31204,South
BF-10975,Stephanie Hall,Mr.,47,United States,Charlotte,North Carolina,28205,South
KH-16330,Larry Thomas,Mrs.,66,United States,Bowling Green,Kentucky,42104,South
GW-14605,Heather White,Mrs.,49,United States,Seattle,Washington,98115,West
NC-18625,Brenda Garcia,Mrs.,48,United States,Aurora,Colorado,80013,West
ME-18010,Keith Martinez,Mrs.,34,United States,San Francisco,California,94122,West
BP-11230,Amanda Martinez,Mr.,19,United States,Spokane,Washington,99207,West
JC-15775,Jose Lewis,Mr.,22,United States,San Antonio,Texas,78207,Central
AS-10090,Victoria Taylor,Mr.,46,United States,Charlottesville,Virginia,22901,South
AC-10450,Jerry Jackson,Mr.,46,United States,Minneapolis,Minnesota,55407,Central
MD-17860,Tina Martinez,Mr.,21,United States,Indianapolis,Indiana,46203,Central
DB-13660,Anna White,Mrs.,21,United States,Oceanside,New York,11572,East
EH-13990,Jeffrey Clark,Mr.,22,United States,Roswell,Georgia,30076,South
EH-13765,Carolyn Perez,Mrs.,44,United States,Watertown,New York,13601,East
SC-20230,Billy Lopez,Mrs.,20,United States,Arlington,Texas,76017,Central
JE-15715,Kathleen Young,Mrs.,44,United States,Broomfield,Colorado,80020,West
AC-10615,Sean Hernandez,Mrs.,61,United States,New York City,New York,10009,East
JD-16015,Martha Allen,Mr.,23,United States,Chicago,Illinois,60610,Central
CB-12415,Dennis Harris,Mrs.,47,United States,Columbus,Ohio,43229,East
JS-16030,Francesco Scott,Mr.,51,United States,Houston,Texas,77036,Central
LW-17215,Samuel King,Mrs.,60,United States,Pasadena,California,91104,West
SC-20800,Janice Wright,Mr.,20,United States,Houston,Texas,77041,Central
AM-10705,Ernesto Hernandez,Mrs.,28,United States,Auburn,Alabama,36830,South
RH-19510,Suzanne Scott,Mr.,67,United States,Providence,Rhode Island,2908,East
CT-11995,Louis Lee,Mr.,57,United States,Rochester,Minnesota,55901,Central
MC-17590,Olivia Davis,Mr.,36,United States,Perth Amboy,New Jersey,8861,East
CC-12610,Brittany Clark,Mrs.,18,United States,Philadelphia,Pennsylvania,19134,East
KA-16525,Phillip Harris,Mrs.,59,United States,Ontario,California,91761,West
TC-20980,Gabrielle Garcia,Mrs.,29,United States,Seattle,Washington,98105,West
BF-11080,Alberto Lewis,Mr.,23,United States,Baltimore,Maryland,21215,East
MM-17260,Tracy Martinez,Mrs.,49,United States,Wilmington,Delaware,19805,East
AH-10120,Stacy Lee,Mr.,27,United States,Tucson,Arizona,85705,West
BW-11200,Luke Harris,Mr.,31,United States,Boynton Beach,Florida,33437,South
SW-20245,Diana Hernandez,Mrs.,20,United States,Stockton,California,95207,West
BS-11665,Gregory Clark,Mrs.,21,United States,Philadelphia,Pennsylvania,19143,East
RF-19345,Catherine Wright,Mrs.,48,United States,Dover,New Hampshire,3820,East
WB-21850,Christian Taylor,Mr.,38,United States,Philadelphia,Pennsylvania,19134,East
TB-21625,Monica Hall,Mrs.,63,United States,Grand Prairie,Texas,75051,Central
AF-10870,Carlos Perez,Mr.,63,United States,College Station,Texas,77840,Central
RB-19435,Michele Young,Mr.,18,United States,Saint Louis,Missouri,63116,Central
KF-16285,Roger Jackson,Mr.,65,United States,Manteca,California,95336,West
JH-15820,Roberta White,Mr.,37,United States,Kent,Ohio,44240,East
IL-15100,Gerald Thomas,Mr.,53,United States,San Francisco,California,94122,West
PB-18805,Diane White,Mr.,61,United States,Salt Lake City,Utah,84106,West
RH-19600,Martin Harris,Mrs.,21,United States,Huntsville,Alabama,35810,South
AW-10930,Janet Young,Mr.,58,United States,Aurora,Illinois,60505,Central
ML-17410,Jonathan Hernandez,Mrs.,30,United States,Fairfield,Connecticut,6824,East
DB-13555,Paula Lopez,Mrs.,58,United States,Jacksonville,Florida,32216,South
MH-17620,Julie Taylor,Mr.,22,United States,San Francisco,California,94110,West
DK-13375,Todd Martinez,Mr.,56,United States,Marion,Ohio,43302,East
BT-11440,Anne Perez,Mrs.,20,United States,Littleton,Colorado,80122,West
DB-13405,Adam Jackson,Mr.,41,United States,La Porte,Indiana,46350,Central
TG-21310,Kristen Clark,Mrs.,68,United States,Los Angeles,California,90049,West
BF-11005,Carl Perez,Mrs.,56,United States,Pasadena,California,91104,West
JM-16195,Valerie Lopez,Mr.,18,United States,Los Angeles,California,90004,West
MZ-17335,Terry Young,Mrs.,29,United States,San Diego,California,92024,West
MW-18220,Shawn Hernandez,Mr.,69,United States,New York City,New York,10035,East
MV-17485,Debbie Allen,Mrs.,54,United States,Arlington,Virginia,22204,South
SM-20320,Marcus Harris,Mr.,62,United States,Monroe,North Carolina,28110,South
TP-21415,Joan Scott,Mrs.,52,United States,Seattle,Washington,98115,West
JK-15625,John Doe,Mr.,34,United States,Seattle,Washington,98115,West
PJ-18835,Jane Smith,Mr.,19,United States,Murfreesboro,Tennessee,37130,South
RS-19420,Michael Johnson,Mrs.,44,United States,Seattle,Washington,98115,West
SV-20935,Emily Brown,Mrs.,53,United States,New York City,New York,10009,East
BC-11125,William Wilson,Mrs.,35,United States,Peoria,Arizona,85345,West
EM-13825,Susan Taylor,Mrs.,63,United States,Sioux Falls,South Dakota,57103,Central
BM-11575,David Martinez,Mrs.,22,United States,New York City,New York,10035,East
KN-16705,Sarah Anderson,Mr.,65,United States,Fort Collins,Colorado,80525,West
KW-16570,James Thomas,Mr.,50,United States,Clarksville,Tennessee,37042,South
SC-20260,Linda Hernandez,Mrs.,24,United States,San Francisco,California,94122,West
CV-12295,Robert Gonzalez,Mrs.,58,United States,Fresno,California,93727,West
SG-20605,Karen Lopez,Mr.,69,United States,New York City,New York,10009,East
TM-21010,Charles Perez,Mrs.,31,United States,San Francisco,California,94122,West
EM-13810,Amanda Lee,Mr.,59,United States,Los Angeles,California,90036,West
ML-18040,Daniel Scott,Mr.,22,United States,Albuquerque,New Mexico,87105,West
CR-12580,Nancy King,Mrs.,52,United States,Elmhurst,Illinois,60126,Central
AZ-10750,Paul Young,Mr.,59,United States,New York City,New York,10009,East
PW-19240,Deborah Allen,Mr.,70,United States,Louisville,Colorado,80027,West
SC-20380,Steven Wright,Mrs.,68,United States,Seattle,Washington,98115,West
CM-11935,Lisa Hall,Mrs.,56,United States,Fayetteville,North Carolina,28314,South
GM-14695,Kenneth Hill,Mrs.,49,United States,Los Angeles,California,90036,West
TB-21250,Ashley Adams,Mr.,39,United States,New York City,New York,10024,East
JM-15865,George Baker,Mr.,66,United States,Jamestown,New York,14701,East
SC-20575,Jennifer Nelson,Mrs.,58,United States,Mishawaka,Indiana,46544,Central
LS-17200,Edward Green,Mr.,59,United States,Skokie,Illinois,60076,Central
RR-19315,Mary Turner,Mr.,31,United States,San Francisco,California,94110,West
DB-12910,Richard Harris,Mr.,38,United States,Tampa,Florida,33614,South
TT-21220,Margaret Clark,Mrs.,47,United States,Houston,Texas,77041,Central
LO-17170,Joseph Martin,Mrs.,29,United States,La Quinta,California,92253,West
KD-16615,Dorothy Lewis,Mrs.,41,United States,Scottsdale,Arizona,85254,West
NB-18580,Thomas Walker,Mrs.,33,United States,Philadelphia,Pennsylvania,19134,East
BD-11635,Patricia Allen,Mrs.,42,United States,Bowling Green,Kentucky,42104,South
CM-12235,Christopher Young,Mr.,35,United States,Carrollton,Texas,75007,Central
EN-13780,Ruth Hernandez,Mr.,64,United States,New York City,New York,10035,East
KN-16450,Mark Perez,Mrs.,47,United States,Jacksonville,Florida,32216,South
BO-11350,Donna Wright,Mr.,46,United States,Los Angeles,California,90045,West
AG-10300,Matthew Scott,Mr.,68,United States,Los Angeles,California,90049,West
MC-17635,Carol Hall,Mrs.,49,United States,Saint Louis,Missouri,63116,Central
TA-21385,Rebecca Davis,Mrs.,19,United States,New York City,New York,10024,East
JF-15295,Joshua Martinez,Mr.,59,United States,Seattle,Washington,98103,West
TT-21265,Betty Jackson,Mr.,69,United States,Los Angeles,California,90045,West
SB-20170,Timothy Taylor,Mrs.,62,United States,New York City,New York,10035,East
CL-12700,Laura White,Mr.,36,United States,Springfield,Missouri,65807,Central
HG-15025,Ryan Thomas,Mrs.,30,United States,Amarillo,Texas,79109,Central
NL-18310,Kimberly Harris,Mrs.,69,United States,Los Angeles,California,90045,West
RR-19525,Andrew Garcia,Mrs.,51,United States,Lowell,Massachusetts,1852,East
TC-21295,Cynthia Martinez,Mr.,31,United States,San Diego,California,92024,West
SV-20785,Jason Rodriguez,Mr.,34,United States,Pueblo,Colorado,81001,West
BE-11410,Melissa Martinez,Mr.,54,United States,Lancaster,Ohio,43130,East
SC-20680,Kyle Lee,Mrs.,31,United States,Columbus,Georgia,31907,South
DF-13135,Angela Lewis,Mrs.,45,United States,Vallejo,California,94591,West
FH-14350,Brian Lopez,Mrs.,45,United States,Seattle,Washington,98105,West
MS-17530,Emily Scott,Mrs.,45,United States,San Diego,California,92037,West
RH-19555,Justin Hernandez,Mrs.,61,United States,Tallahassee,Florida,32303,South
GA-14515,Sharon Clark,Mr.,42,United States,San Francisco,California,94122,West
JP-16135,Nicholas Walker,Mrs.,57,United States,Columbus,Georgia,31907,South
Dp-13240,Christine Young,Mr.,64,United States,Murray,Utah,84107,West
MO-17950,Scott King,Mrs.,35,United States,Dallas,Texas,75220,Central
DL-13330,Samantha Wright,Mr.,69,United States,Las Cruces,New Mexico,88001,West
MH-18025,Paula Perez,Mrs.,40,United States,Seattle,Washington,98115,West
DR-12940,Terry Taylor,Mrs.,65,United States,Franklin,Massachusetts,2038,East
DM-13015,Stephanie Hall,Mrs.,53,United States,Encinitas,California,92024,West
CA-11965,Larry Thomas,Mr.,19,United States,Hoover,Alabama,35244,South
AC-10660,Heather White,Mrs.,30,United States,Huntsville,Texas,77340,Central
DM-13345,Brenda Garcia,Mrs.,46,United States,Roswell,Georgia,30076,South
VF-21715,Keith Martinez,Mr.,59,United States,Columbus,Indiana,47201,Central
CC-12370,Amanda Martinez,Mrs.,38,United States,Fayetteville,North Carolina,28314,South
BF-11275,Jose Lewis,Mr.,21,United States,Tucson,Arizona,85705,West
HG-14845,Victoria Taylor,Mr.,63,United States,Lake Charles,Louisiana,70601,South
BP-11155,Jerry Jackson,Mr.,46,United States,Columbus,Georgia,31907,South
EM-14140,Tina Martinez,Mr.,49,United States,Glendale,Arizona,85301,West
MA-17995,Anna White,Mrs.,33,United States,Watertown,New York,13601,East
AY-10555,Jeffrey Clark,Mr.,61,United States,Oceanside,California,92054,West
GB-14575,Carolyn Perez,Mr.,50,United States,Philadelphia,Pennsylvania,19134,East
JB-16045,Billy Lopez,Mr.,65,United States,Columbus,Georgia,31907,South
MG-17875,Kathleen Young,Mrs.,67,United States,New York City,New York,10011,East
SR-20425,Sean Hernandez,Mrs.,25,United States,Louisville,Colorado,80027,West
JB-16000,Martha Allen,Mr.,46,United States,Brownsville,Texas,78521,Central
DM-12955,Dennis Harris,Mr.,26,United States,Lincoln Park,Michigan,48146,Central
TC-21475,Francesco Scott,Mr.,64,United States,Columbus,Georgia,31907,South
SW-20350,Samuel King,Mrs.,51,United States,Detroit,Michigan,48227,Central
RE-19450,Janice Wright,Mr.,30,United States,Dallas,Texas,75081,Central
BF-11215,Ernesto Hernandez,Mr.,69,United States,Albuquerque,New Mexico,87105,West
KB-16405,Suzanne Scott,Mr.,34,United States,Apple Valley,California,92307,West
JG-15310,Louis Lee,Mrs.,61,United States,Providence,Rhode Island,2908,East
EC-14050,Olivia Davis,Mr.,52,United States,New York City,New York,10024,East
EB-14110,Brittany Clark,Mrs.,44,United States,Philadelphia,Pennsylvania,19134,East
JP-15460,Phillip Harris,Mr.,69,United States,Oceanside,New York,11572,East
CS-11845,Gabrielle Garcia,Mrs.,24,United States,Seattle,Washington,98105,West
GH-14410,Alberto Lewis,Mrs.,42,United States,Glendale,Arizona,85301,West
PT-19090,Tracy Martinez,Mrs.,48,United States,Houston,Texas,77070,Central
JL-15130,Stacy Lee,Mr.,63,United States,Houston,Texas,77036,Central
AH-10030,Luke Harris,Mrs.,60,United States,Philadelphia,Pennsylvania,19134,East
CC-12475,Diana Hernandez,Mr.,48,United States,New York City,New York,10024,East
DW-13195,Gregory Clark,Mrs.,55,United States,Houston,Texas,77095,Central
SJ-20215,Catherine Wright,Mrs.,50,United States,Grand Prairie,Texas,75051,Central
BG-11740,Christian Taylor,Mr.,39,United States,Philadelphia,Pennsylvania,19120,East
LB-16795,Monica Hall,Mr.,18,United States,Highland Park,Illinois,60035,Central
CM-11815,Carlos Perez,Mr.,28,United States,Pasadena,Texas,77506,Central
EH-14185,Michele Young,Mrs.,31,United States,Decatur,Alabama,35601,South
TS-21505,Roger Jackson,Mrs.,32,United States,Columbia,Tennessee,38401,South
PR-18880,Roberta White,Mrs.,44,United States,Oakland,California,94601,West
LC-17050,Gerald Thomas,Mrs.,60,United States,Mission Viejo,California,92691,West
CS-12490,Diane White,Mrs.,32,United States,Conroe,Texas,77301,Central
DH-13075,Martin Harris,Mr.,58,United States,Richmond,Kentucky,40475,South
JO-15145,Janet Young,Mr.,68,United States,Philadelphia,Pennsylvania,19140,East
AH-10690,Jonathan Hernandez,Mr.,39,United States,New York City,New York,10024,East
HJ-14875,Paula Lopez,Mrs.,32,United States,Jacksonville,Florida,32216,South
MH-17455,Julie Taylor,Mr.,49,United States,Jacksonville,North Carolina,28540,South
RD-19930,Todd Martinez,Mr.,67,United States,Austin,Texas,78745,Central
SC-20020,Anne Perez,Mr.,56,United States,Plano,Texas,75023,Central
SU-20665,Adam Jackson,Mrs.,30,United States,Jackson,Mississippi,39212,South
FC-14335,Kristen Clark,Mrs.,64,United States,Mesquite,Texas,75150,Central
RB-19330,Carl Perez,Mr.,63,United States,Philadelphia,Pennsylvania,19143,East
NC-18535,Valerie Lopez,Mr.,59,United States,Dallas,Texas,75217,Central
DB-12970,Terry Young,Mrs.,42,United States,Los Angeles,California,90004,West
MF-17665,Shawn Hernandez,Mrs.,37,United States,Toledo,Ohio,43615,East
RM-19750,Debbie Allen,Mr.,66,United States,New York City,New York,10011,East
VM-21835,Marcus Harris,Mrs.,60,United States,Newark,Delaware,19711,East
EJ-13720,Joan Scott,Mrs.,44,United States,San Diego,California,92037,West
NC-18415,John Doe,Mr.,29,United States,Jacksonville,North Carolina,28540,South
LS-17230,Jane Smith,Mr.,42,United States,Dover,Delaware,19901,East
KE-16420,Michael Johnson,Mr.,53,United States,Bristol,Tennessee,37620,South
DH-13675,Emily Brown,Mrs.,65,United States,Quincy,Massachusetts,2169,East
PF-19120,William Wilson,Mrs.,48,United States,Gilbert,Arizona,85234,West
VT-21700,Susan Taylor,Mr.,44,United States,Philadelphia,Pennsylvania,19143,East
MG-17695,David Martinez,Mrs.,33,United States,Buffalo,New York,14215,East
SP-20920,Sarah Anderson,Mr.,37,United States,Los Angeles,California,90036,West
CS-12175,James Thomas,Mr.,67,United States,Columbia,Tennessee,38401,South
DK-12895,Linda Hernandez,Mrs.,47,United States,Kenosha,Wisconsin,53142,Central
KM-16660,Robert Gonzalez,Mrs.,57,United States,Roswell,Georgia,30076,South
AA-10645,Karen Lopez,Mrs.,32,United States,Chester,Pennsylvania,19013,East
DD-13570,Charles Perez,Mr.,32,United States,Houston,Texas,77041,Central
AH-10465,Amanda Lee,Mr.,24,United States,New York City,New York,10035,East
TP-21565,Daniel Scott,Mr.,25,United States,Aurora,Colorado,80013,West
EK-13795,Nancy King,Mr.,25,United States,Santa Ana,California,92704,West
CR-12820,Paul Young,Mrs.,38,United States,New York City,New York,10035,East
SG-20890,Deborah Allen,Mrs.,41,United States,Mcallen,Texas,78501,Central
AH-10585,Steven Wright,Mr.,34,United States,Chicago,Illinois,60623,Central
NF-18475,Lisa Hall,Mr.,55,United States,Rockford,Illinois,61107,Central
BS-11365,Kenneth Hill,Mr.,34,United States,New York City,New York,10011,East
SH-20635,Ashley Adams,Mr.,57,United States,Jackson,Tennessee,38301,South
RD-19720,George Baker,Mr.,30,United States,Daytona Beach,Florida,32114,South
AG-10330,Jennifer Nelson,Mrs.,51,United States,Stockton,California,95207,West
GR-14560,Edward Green,Mr.,33,United States,San Francisco,California,94110,West
VS-21820,Mary Turner,Mrs.,22,United States,Los Angeles,California,90036,West
TM-21490,Richard Harris,Mrs.,63,United States,Oklahoma City,Oklahoma,73120,Central
TS-21430,Margaret Clark,Mrs.,22,United States,Los Angeles,California,90045,West
DB-13360,Joseph Martin,Mr.,41,United States,New York City,New York,10009,East
NR-18550,Dorothy Lewis,Mr.,21,United States,Aurora,Illinois,60505,Central
CS-11860,Thomas Walker,Mr.,69,United States,Jacksonville,North Carolina,28540,South
MF-18250,Patricia Allen,Mrs.,34,United States,Los Angeles,California,90036,West
LW-17125,Christopher Young,Mr.,55,United States,Norwich,Connecticut,6360,East
AR-10345,Ruth Hernandez,Mrs.,38,United States,Lawrence,Massachusetts,1841,East
KS-16300,Mark Perez,Mrs.,53,United States,Lehi,Utah,84043,West
AB-10015,Donna Wright,Mrs.,66,United States,Seattle,Washington,98103,West
LR-17035,Matthew Scott,Mr.,62,United States,Philadelphia,Pennsylvania,19134,East
SS-20410,Carol Hall,Mrs.,35,United States,Los Angeles,California,90008,West
JM-15580,Rebecca Davis,Mr.,37,United States,Monroe,North Carolina,28110,South
JK-15325,Joshua Martinez,Mrs.,69,United States,Dallas,Texas,75220,Central
DM-13525,Betty Jackson,Mrs.,18,United States,Houston,Texas,77070,Central
ML-18265,Timothy Taylor,Mrs.,51,United States,Seattle,Washington,98103,West
MH-17290,Laura White,Mrs.,39,United States,Los Angeles,California,90036,West
FC-14245,Ryan Thomas,Mrs.,20,United States,Lakewood,Ohio,44107,East
TH-21115,Kimberly Harris,Mr.,38,United States,Philadelphia,Pennsylvania,19140,East
JK-16090,Andrew Garcia,Mrs.,51,United States,Omaha,Nebraska,68104,Central
SB-20185,Cynthia Martinez,Mrs.,31,United States,Concord,New Hampshire,3301,East
BG-11035,Jason Rodriguez,Mr.,57,United States,Monroe,Louisiana,71203,South
BW-11065,Melissa Martinez,Mr.,30,United States,Raleigh,North Carolina,27604,South
MG-18205,Kyle Lee,Mrs.,55,United States,Jacksonville,Florida,32216,South
DO-13645,Angela Lewis,Mrs.,20,United States,Los Angeles,California,90036,West
BP-11050,Brian Lopez,Mr.,65,United States,Cranston,Rhode Island,2920,East
TS-21655,Emily Scott,Mr.,21,United States,Milwaukee,Wisconsin,53209,Central
EM-14200,Justin Hernandez,Mrs.,52,United States,Virginia Beach,Virginia,23464,South
AO-10810,Sharon Clark,Mr.,66,United States,Los Angeles,California,90045,West
MH-17440,Nicholas Walker,Mr.,47,United States,New York City,New York,10035,East
SS-20515,Christine Young,Mr.,31,United States,Louisville,Kentucky,40214,South
LD-16855,Scott King,Mr.,52,United States,Chicago,Illinois,60653,Central
VP-21760,Samantha Wright,Mr.,35,United States,San Francisco,California,94109,West
TC-21145,Paula Perez,Mrs.,63,United States,Lakewood,New Jersey,8701,East
IM-15055,Terry Taylor,Mr.,40,United States,Roseville,California,95661,West
AR-10570,Stephanie Hall,Mr.,36,United States,Columbus,Georgia,31907,South
CM-12715,Larry Thomas,Mr.,53,United States,Huntsville,Texas,77340,Central
FW-14395,Heather White,Mrs.,41,United States,Huntsville,Alabama,35810,South
LC-16960,Brenda Garcia,Mr.,57,United States,Arlington,Virginia,22204,South
HE-14800,Keith Martinez,Mrs.,31,United States,Chicago,Illinois,60623,Central
BD-11560,Amanda Martinez,Mrs.,54,United States,Fresno,California,93727,West
HD-14785,Jose Lewis,Mr.,32,United States,Philadelphia,Pennsylvania,19143,East
CJ-11875,Victoria Taylor,Mr.,64,United States,Philadelphia,Pennsylvania,19140,East
RS-19870,Jerry Jackson,Mrs.,39,United States,Burlington,Iowa,52601,Central
SC-20845,Tina Martinez,Mr.,69,United States,Arlington Heights,Illinois,60004,Central
RE-19405,Anna White,Mrs.,35,United States,Kent,Ohio,44240,East
SM-20905,Jeffrey Clark,Mrs.,46,United States,Newark,Ohio,43055,East
DD-13570,Carolyn Perez,Mr.,34,United States,Kent,Ohio,43055,East
AH-10465,Billy Lopez,Mr.,28,United States,Henderson,Kentucky,42420,South
TP-21565,Kathleen Young,Mr.,63,United States,Los Angeles,California,90036,West
EK-13795,Sean Hernandez,Mr.,24,United States,Fort Lauderdale,Florida,33311,South
CR-12820,Martha Allen,Mr.,63,United States,Los Angeles,California,90032,West
SG-20890,Dennis Harris,Mrs.,63,United States,Concord,North Carolina,28027,South
AH-10585,Francesco Scott,Mr.,65,United States,Seattle,Washington,98103,West
NF-18475,Samuel King,Mrs.,25,United States,Fort Worth,Texas,76106,Central
BS-11365,Janice Wright,Mrs.,20,United States,Madison,Wisconsin,53711,Central
SH-20635,Ernesto Hernandez,Mr.,44,United States,West Jordan,Utah,84084,West
RD-19720,Suzanne Scott,Mrs.,66,United States,San Francisco,California,94109,West
AG-10330,Louis Lee,Mr.,37,United States,Fremont,Nebraska,68025,Central
GR-14560,Olivia Davis,Mr.,65,United States,Philadelphia,Pennsylvania,19140,East
VS-21820,Brittany Clark,Mrs.,22,United States,Orem,Utah,84057,West
TM-21490,Phillip Harris,Mr.,54,United States,Los Angeles,California,90049,West
TS-21430,Gabrielle Garcia,Mr.,25,United States,Philadelphia,Pennsylvania,19140,East
DB-13360,Alberto Lewis,Mr.,47,United States,Houston,Texas,77095,Central
NR-18550,Tracy Martinez,Mr.,44,United States,Richardson,Texas,75080,Central
CS-11860,Stacy Lee,Mr.,44,United States,Houston,Texas,77041,Central
MF-18250,Luke Harris,Mr.,35,United States,Naperville,Illinois,60540,Central
LW-17125,Diana Hernandez,Mrs.,37,United States,Los Angeles,California,90049,West
AR-10345,Gregory Clark,Mrs.,24,United States,Melbourne,Florida,32935,South
KS-16300,Catherine Wright,Mr.,29,United States,Eagan,Minnesota,55122,Central
AB-10015,Christian Taylor,Mrs.,24,United States,Westland,Michigan,48185,Central
LR-17035,Monica Hall,Mr.,53,United States,Dover,Delaware,19901,East
SS-20410,Carlos Perez,Mr.,58,United States,New Albany,Indiana,47150,Central
JM-15580,Michele Young,Mr.,42,United States,New York City,New York,10024,East
JK-15325,Roger Jackson,Mrs.,21,United States,Troy,New York,12180,East
DM-13525,Roberta White,Mr.,19,United States,Los Angeles,California,90004,West
ML-18265,Gerald Thomas,Mr.,54,United States,Chicago,Illinois,60610,Central
MH-17290,Diane White,Mrs.,40,United States,Gilbert,Arizona,85234,West
FC-14245,Martin Harris,Mrs.,21,United States,Springfield,Virginia,22153,South
TH-21115,Janet Young,Mrs.,63,United States,New York City,New York,10009,East
JK-16090,Jonathan Hernandez,Mr.,36,United States,Memphis,Tennessee,38109,South
SB-20185,Paula Lopez,Mr.,19,United States,Houston,Texas,77041,Central
BG-11035,Julie Taylor,Mr.,32,United States,Decatur,Alabama,35601,South
BW-11065,Todd Martinez,Mr.,70,United States,San Francisco,California,94122,West
MG-18205,Anne Perez,Mrs.,48,United States,Durham,North Carolina,27707,South
DO-13645,Adam Jackson,Mr.,62,United States,Chicago,Illinois,60623,Central
BP-11050,Kristen Clark,Mrs.,28,United States,Rochester,Minnesota,55901,Central
TS-21655,Carl Perez,Mr.,38,United States,Houston,Texas,77095,Central
EM-14200,Valerie Lopez,Mr.,45,United States,Los Angeles,California,90036,West
AO-10810,Terry Young,Mrs.,39,United States,Minneapolis,Minnesota,55407,Central
MH-17440,Shawn Hernandez,Mr.,22,United States,Portland,Oregon,97206,West
SS-20515,Debbie Allen,Mrs.,59,United States,New York City,New York,10009,East
LD-16855,Marcus Harris,Mrs.,38,United States,San Francisco,California,94122,West
VP-21760,Joan Scott,Mrs.,50,United States,Saint Paul,Minnesota,55106,Central
TC-21145,John Doe,Mr.,45,United States,Chicago,Illinois,60610,Central
IM-15055,Jane Smith,Mrs.,20,United States,Rochester,Minnesota,55901,Central
AR-10570,Michael Johnson,Mrs.,36,United States,Aurora,Colorado,80013,West
CM-12715,Emily Brown,Mr.,32,United States,Charlotte,North Carolina,28205,South
FW-14395,William Wilson,Mrs.,70,United States,Orland Park,Illinois,60462,Central
LC-16960,Susan Taylor,Mr.,29,United States,New York City,New York,10035,East
HE-14800,David Martinez,Mr.,36,United States,Urbandale,Iowa,50322,Central
BD-11560,Sarah Anderson,Mr.,33,United States,Columbus,Ohio,43229,East
HD-14785,James Thomas,Mrs.,47,United States,Seattle,Washington,98103,West
CJ-11875,Linda Hernandez,Mrs.,66,United States,Bristol,Tennessee,37620,South
RS-19870,Robert Gonzalez,Mrs.,49,United States,Wilmington,Delaware,19805,East
SC-20845,Karen Lopez,Mr.,48,United States,Houston,Texas,77041,Central
RE-19405,Charles Perez,Mrs.,34,United States,Bloomington,Illinois,61701,Central
SM-20905,Amanda Lee,Mrs.,19,United States,Phoenix,Arizona,85023,West
LT-16765,Daniel Scott,Mr.,22,United States,Los Angeles,California,90004,West
AP-10720,Nancy King,Mrs.,46,United States,Columbus,Ohio,43229,East
PM-18940,Paul Young,Mrs.,46,United States,Roseville,California,95661,West
AT-10435,Deborah Allen,Mr.,21,United States,Philadelphia,Pennsylvania,19140,East
CA-12055,Steven Wright,Mrs.,21,United States,San Francisco,California,94122,West
HR-14830,Lisa Hall,Mr.,22,United States,Independence,Missouri,64055,Central
BT-11530,Kenneth Hill,Mrs.,44,United States,Pasadena,California,91104,West
LH-16750,Ashley Adams,Mr.,20,United States,Newark,Ohio,43055,East
SW-20755,George Baker,Mr.,44,United States,Franklin,Wisconsin,53132,Central
SP-20620,Jennifer Nelson,Mr.,61,United States,Scottsdale,Arizona,85254,West
BF-11170,Edward Green,Mrs.,23,United States,San Jose,California,95123,West
KT-16480,Mary Turner,Mr.,47,United States,Seattle,Washington,98105,West
BG-11695,Richard Harris,Mr.,51,United States,Seattle,Washington,98115,West
GM-14680,Margaret Clark,Mrs.,34,United States,Edmond,Oklahoma,73034,Central
EJ-14155,Joseph Martin,Mr.,28,United States,Los Angeles,California,90045,West
NP-18700,Dorothy Lewis,Mrs.,63,United States,Philadelphia,Pennsylvania,19134,East
MH-18115,Thomas Walker,Mrs.,24,United States,Carlsbad,New Mexico,88220,West
JR-15700,Patricia Allen,Mr.,63,United States,Seattle,Washington,98115,West
SM-20950,Christopher Young,Mr.,63,United States,San Antonio,Texas,78207,Central
CC-12220,Ruth Hernandez,Mr.,65,United States,Los Angeles,California,90004,West
PF-19225,Mark Perez,Mr.,25,United States,Chicago,Illinois,60623,Central
DC-12850,Donna Wright,Mrs.,20,United States,Houston,Texas,77036,Central
BD-11770,Matthew Scott,Mrs.,44,United States,New York City,New York,10009,East
GM-14500,Carol Hall,Mr.,66,United States,Decatur,Illinois,62521,Central
TB-21355,Rebecca Davis,Mrs.,37,United States,Monroe,Louisiana,71203,South
JH-16180,Joshua Martinez,Mrs.,65,United States,Fairfield,Connecticut,6824,East
EB-13975,Betty Jackson,Mr.,22,United States,Los Angeles,California,90032,West
QJ-19255,Timothy Taylor,Mr.,54,United States,Grand Prairie,Texas,75051,Central
TC-21535,Laura White,Mrs.,25,United States,New York City,New York,10035,East
CS-12460,Ryan Thomas,Mr.,47,United States,Redlands,California,92374,West
HG-14965,Kimberly Harris,Mr.,44,United States,Hamilton,Ohio,45011,East
LW-16825,Andrew Garcia,Mrs.,44,United States,Westfield,New Jersey,7090,East
MC-17575,Cynthia Martinez,Mr.,35,United States,Philadelphia,Pennsylvania,19120,East
LP-17095,Jason Rodriguez,Mr.,37,United States,Akron,Ohio,44312,East
EB-14170,Melissa Martinez,Mr.,24,United States,Denver,Colorado,80219,West
GZ-14545,Kyle Lee,Mrs.,29,United States,Dallas,Texas,75220,Central
CP-12085,Angela Lewis,Mr.,24,United States,Franklin,Tennessee,37064,South
FG-14260,Brian Lopez,Mrs.,53,United States,Whittier,California,90604,West
LD-17005,Emily Scott,Mrs.,58,United States,Saginaw,Michigan,48601,Central
AB-10255,Justin Hernandez,Mr.,42,United States,Dallas,Texas,75220,Central
MN-17935,Sharon Clark,Mr.,21,United States,Medina,Ohio,44256,East
JR-15670,Nicholas Walker,Mr.,19,United States,Los Angeles,California,90032,West
JF-15190,Christine Young,Mr.,54,United States,Dublin,Ohio,43017,East
CM-12115,Scott King,Mr.,40,United States,Detroit,Michigan,48227,Central
AS-10045,Samantha Wright,Mr.,21,United States,Columbia,Tennessee,38401,South
BP-11290,Paula Perez,Mr.,63,United States,Charlotte,North Carolina,28205,South
ND-18370,Terry Taylor,Mrs.,36,United States,Santa Clara,California,95051,West
LB-16735,Stephanie Hall,Mr.,19,United States,Chicago,Illinois,60610,Central
KT-16465,Larry Thomas,Mr.,32,United States,Lakeville,Minnesota,55044,Central
HM-14860,Heather White,Mrs.,70,United States,San Francisco,California,94109,West
AB-10600,Brenda Garcia,Mrs.,48,United States,San Diego,California,92037,West
SZ-20035,Keith Martinez,Mr.,62,United States,New York City,New York,10024,East
MG-17890,Amanda Martinez,Mrs.,28,United States,Chicago,Illinois,60623,Central
JK-16120,Jose Lewis,Mrs.,38,United States,New York City,New York,10009,East
PP-18955,Victoria Taylor,Mrs.,45,United States,Pasadena,Texas,77506,Central
YS-21880,Jerry Jackson,Mrs.,39,United States,Houston,Texas,77036,Central
KM-16375,Tina Martinez,Mr.,22,United States,Chicago,Illinois,60610,Central
AB-10105,Anna White,Mr.,59,United States,Brentwood,California,94513,West
HA-14905,Jeffrey Clark,Mr.,38,United States,Chapel Hill,North Carolina,27514,South
BT-11305,Carolyn Perez,Mr.,50,United States,Cincinnati,Ohio,45231,East
SV-20815,Billy Lopez,Mr.,45,United States,San Francisco,California,94110,West
RW-19540,Kathleen Young,Mrs.,20,United States,Inglewood,California,90301,West
DK-12835,Sean Hernandez,Mr.,36,United States,Philadelphia,Pennsylvania,19140,East
ST-20530,Martha Allen,Mr.,32,United States,Los Angeles,California,90004,West
MM-17920,Dennis Harris,Mrs.,70,United States,Tamarac,Florida,33319,South
PW-19030,Francesco Scott,Mr.,29,United States,Columbus,Ohio,43229,East
SC-20440,Samuel King,Mr.,36,United States,Colorado Springs,Colorado,80906,West
TS-21085,Janice Wright,Mrs.,33,United States,New York City,New York,10024,East
MC-17425,Ernesto Hernandez,Mr.,47,United States,Lakewood,New Jersey,8701,East
ME-17320,Suzanne Scott,Mr.,66,United States,Arlington,Virginia,22204,South
NH-18610,Louis Lee,Mrs.,49,United States,Arvada,Colorado,80004,West
MB-18085,Olivia Davis,Mrs.,48,United States,Hackensack,New Jersey,7601,East
KD-16495,Brittany Clark,Mrs.,34,United States,Saint Petersburg,Florida,33710,South
KN-16390,Phillip Harris,Mr.,19,United States,Philadelphia,Pennsylvania,19143,East
NP-18685,Gabrielle Garcia,Mrs.,22,United States,New York City,New York,10024,East
CS-12505,Alberto Lewis,Mr.,46,United States,Long Beach,California,90805,West
MS-17770,Tracy Martinez,Mr.,46,United States,Hesperia,California,92345,West
CM-12655,Stacy Lee,Mr.,21,United States,Murfreesboro,Tennessee,37130,South
Co-12640,Luke Harris,Mrs.,21,United States,Philadelphia,Pennsylvania,19143,East
TS-21370,Diana Hernandez,Mrs.,22,United States,Philadelphia,Pennsylvania,19134,East
JW-15220,Gregory Clark,Mr.,44,United States,Los Angeles,California,90045,West
JD-15790,Catherine Wright,Mr.,20,United States,San Francisco,California,94122,West
PC-19000,Christian Taylor,Mr.,44,United States,San Francisco,California,94122,West
AR-10540,Monica Hall,Mr.,61,United States,Lowell,Massachusetts,1852,East
AI-10855,Carlos Perez,Mr.,23,United States,New York City,New York,10009,East
TB-21400,Michele Young,Mrs.,47,United States,New York City,New York,10035,East
PL-18925,Roger Jackson,Mrs.,51,United States,Columbus,Georgia,31907,South
GH-14425,Roberta White,Mr.,34,United States,New York City,New York,10009,East
MP-18175,Gerald Thomas,Mrs.,28,United States,San Francisco,California,94109,West
JM-15655,Diane White,Mr.,63,United States,Manchester,Connecticut,6040,East
CL-11890,Martin Harris,Mrs.,24,United States,Harlingen,Texas,78550,Central
DB-13270,Janet Young,Mr.,63,United States,Tucson,Arizona,85705,West
IG-15085,Jonathan Hernandez,Mr.,63,United States,Quincy,Illinois,62301,Central
BO-11425,Paula Lopez,Mr.,65,United States,Franklin,Massachusetts,2038,East
AB-10150,Julie Taylor,Mrs.,25,United States,Houston,Texas,77095,Central
JW-16075,Todd Martinez,Mrs.,20,United States,San Francisco,California,94109,West
EB-13750,Anne Perez,Mrs.,44,United States,Taylor,Michigan,48180,Central
SG-20470,Adam Jackson,Mrs.,66,United States,Pembroke Pines,Florida,33024,South
CM-12190,Kristen Clark,Mrs.,37,United States,Philadelphia,Pennsylvania,19140,East
AW-10840,Carl Perez,Mrs.,65,United States,Cincinnati,Ohio,45231,East
MC-18100,Valerie Lopez,Mr.,22,United States,New York City,New York,10009,East
TT-21460,Terry Young,Mr.,54,United States,Des Moines,Washington,98198,West
VG-21805,Shawn Hernandez,Mrs.,25,United States,Peoria,Illinois,61604,Central
MY-18295,Debbie Allen,Mrs.,47,United States,Las Vegas,Nevada,89115,West
RD-19480,Marcus Harris,Mrs.,44,United States,Warwick,Rhode Island,2886,East
DP-13390,Joan Scott,Mrs.,44,United States,Houston,Texas,77036,Central
ML-17395,John Doe,Mr.,35,United States,Miami,Florida,33180,South
JC-15385,Jane Smith,Mrs.,37,United States,New York City,New York,10024,East
JG-15160,Michael Johnson,Mrs.,24,United States,San Francisco,California,94110,West
MC-17275,Emily Brown,Mr.,29,United States,Seattle,Washington,98105,West
NW-18400,William Wilson,Mrs.,24,United States,Huntington Beach,California,92646,West
IM-15070,Susan Taylor,Mrs.,53,United States,Los Angeles,California,90004,West
HP-14815,David Martinez,Mr.,58,United States,Lawrence,Massachusetts,1841,East
PK-19075,Sarah Anderson,Mrs.,42,United States,Jackson,Mississippi,39212,South
AG-10270,James Thomas,Mr.,21,United States,New Rochelle,New York,10801,East
ZD-21925,Linda Hernandez,Mrs.,19,United States,San Antonio,Texas,78207,Central
KB-16585,Robert Gonzalez,Mrs.,54,United States,Gastonia,North Carolina,28052,South
SF-20065,Karen Lopez,Mrs.,40,United States,Jacksonville,Florida,32216,South
EB-13870,Charles Perez,Mrs.,21,United States,Chicago,Illinois,60623,Central
EH-13945,Amanda Lee,Mr.,63,United States,Houston,Texas,77070,Central
TB-21520,Daniel Scott,Mr.,36,United States,Columbus,Indiana,47201,Central
MA-17560,Nancy King,Mrs.,19,United States,Auburn,New York,13021,East
GH-14485,Paul Young,Mr.,32,United States,Akron,Ohio,44312,East
SN-20710,Deborah Allen,Mr.,70,United States,Concord,California,94521,West
LC-16930,Steven Wright,Mrs.,48,United States,Phoenix,Arizona,85023,West
RA-19885,Lisa Hall,Mr.,62,United States,Park Ridge,Illinois,60068,Central
ES-14080,Kenneth Hill,Mr.,28,United States,Lindenhurst,New York,11757,East
ON-18715,Ashley Adams,Mrs.,38,United States,San Francisco,California,94110,West
PO-18865,George Baker,Mrs.,45,United States,Troy,New York,12180,East
LH-16900,Jennifer Nelson,Mr.,39,United States,New York City,New York,10024,East
DP-13000,Edward Green,Mrs.,22,United States,San Diego,California,92024,West
JM-15265,Mary Turner,Mr.,59,United States,New York City,New York,10024,East
TB-21055,Richard Harris,Mrs.,38,United States,Los Angeles,California,90045,West
KM-16720,Margaret Clark,Mrs.,50,United States,Chicago,Illinois,60610,Central
PS-18970,Joseph Martin,Mr.,45,United States,Huntsville,Texas,77340,Central
BS-11590,Dorothy Lewis,Mrs.,20,United States,Rochester,New York,14609,East
KD-16270,Thomas Walker,Mrs.,36,United States,Seattle,Washington,98115,West
HM-14980,Patricia Allen,Mr.,32,United States,Memphis,Tennessee,38109,South
JE-15745,Christopher Young,Mrs.,70,United States,Fayetteville,Arkansas,72701,South
IM-15070,Ruth Hernandez,Mrs.,29,United States,Parker,Colorado,80134,West
HP-14815,Mark Perez,Mr.,36,United States,Atlanta,Georgia,30318,South
PK-19075,Donna Wright,Mrs.,33,United States,Gladstone,Missouri,64118,Central
AG-10270,Matthew Scott,Mr.,47,United States,Los Angeles,California,90049,West
ZD-21925,Carol Hall,Mr.,66,United States,Houston,Texas,77041,Central
KB-16585,Rebecca Davis,Mrs.,49,United States,Detroit,Michigan,48234,Central
SF-20065,Joshua Martinez,Mrs.,48,United States,Lawrence,Massachusetts,1841,East